{
  "experiment": "exp_B_efficientnet_b3",
  "model": "efficientnet_b3",
  "transfer_strategy": "fine_tuning",
  "best_val_accuracy": 0.8273809523809523,
  "test_accuracy": 0.8427299703264095,
  "macro_f1": 0.8445797958753946,
  "weighted_f1": 0.8415115456144397,
  "epochs_run": 3,
  "train_seconds": 104.5
}