{
  "experiment": "exp_A3_efficientnet_b0",
  "model": "efficientnet_b0",
  "transfer_strategy": "fine_tuning",
  "best_val_accuracy": 0.6889880952380952,
  "test_accuracy": 0.6691394658753709,
  "macro_f1": 0.6596420270552642,
  "weighted_f1": 0.6665139939660223,
  "epochs_run": 2,
  "train_seconds": 250.9,
  "image_size": 160,
  "train_samples_used": 1600
}