{
  "experiment": "exp_F3_convnextv2_large_288",
  "tta_mode": "multiscale_3scales_5crop_flip",
  "tta_views": 30,
  "scales": [
    0.82,
    0.88,
    0.94
  ],
  "val_accuracy_multiscale": 0.9791666666666666,
  "test_accuracy_multiscale": 0.9807121661721068,
  "macro_f1_multiscale_test": 0.9833317111337302,
  "weighted_f1_multiscale_test": 0.9806326660101461,
  "val_report": {
    "Bedroom": {
      "precision": 0.9705882352941176,
      "recall": 1.0,
      "f1-score": 0.9850746268656716,
      "support": 33.0
    },
    "Coast": {
      "precision": 0.9464285714285714,
      "recall": 0.9814814814814815,
      "f1-score": 0.9636363636363636,
      "support": 54.0
    },
    "Forest": {
      "precision": 0.9795918367346939,
      "recall": 0.9795918367346939,
      "f1-score": 0.9795918367346939,
      "support": 49.0
    },
    "Highway": {
      "precision": 0.9512195121951219,
      "recall": 1.0,
      "f1-score": 0.975,
      "support": 39.0
    },
    "Industrial": {
      "precision": 1.0,
      "recall": 1.0,
      "f1-score": 1.0,
      "support": 46.0
    },
    "Inside city": {
      "precision": 1.0,
      "recall": 0.9347826086956522,
      "f1-score": 0.9662921348314607,
      "support": 46.0
    },
    "Kitchen": {
      "precision": 1.0,
      "recall": 0.96875,
      "f1-score": 0.9841269841269841,
      "support": 32.0
    },
    "Living room": {
      "precision": 0.9767441860465116,
      "recall": 0.9767441860465116,
      "f1-score": 0.9767441860465116,
      "support": 43.0
    },
    "Mountain": {
      "precision": 1.0,
      "recall": 0.9821428571428571,
      "f1-score": 0.990990990990991,
      "support": 56.0
    },
    "Office": {
      "precision": 1.0,
      "recall": 1.0,
      "f1-score": 1.0,
      "support": 33.0
    },
    "Open country": {
      "precision": 0.95,
      "recall": 0.9344262295081968,
      "f1-score": 0.9421487603305785,
      "support": 61.0
    },
    "Store": {
      "precision": 1.0,
      "recall": 1.0,
      "f1-score": 1.0,
      "support": 47.0
    },
    "Street": {
      "precision": 0.9772727272727273,
      "recall": 0.9772727272727273,
      "f1-score": 0.9772727272727273,
      "support": 44.0
    },
    "Suburb": {
      "precision": 1.0,
      "recall": 1.0,
      "f1-score": 1.0,
      "support": 36.0
    },
    "Tall building": {
      "precision": 0.9629629629629629,
      "recall": 0.9811320754716981,
      "f1-score": 0.9719626168224299,
      "support": 53.0
    },
    "accuracy": 0.9791666666666666,
    "macro avg": {
      "precision": 0.9809872021289805,
      "recall": 0.981088266823588,
      "f1-score": 0.9808560818438941,
      "support": 672.0
    },
    "weighted avg": {
      "precision": 0.9794957628489517,
      "recall": 0.9791666666666666,
      "f1-score": 0.9791531496793023,
      "support": 672.0
    }
  },
  "test_report": {
    "Bedroom": {
      "precision": 1.0,
      "recall": 1.0,
      "f1-score": 1.0,
      "support": 32.0
    },
    "Coast": {
      "precision": 0.9814814814814815,
      "recall": 0.9814814814814815,
      "f1-score": 0.9814814814814815,
      "support": 54.0
    },
    "Forest": {
      "precision": 0.9607843137254902,
      "recall": 1.0,
      "f1-score": 0.98,
      "support": 49.0
    },
    "Highway": {
      "precision": 0.9512195121951219,
      "recall": 1.0,
      "f1-score": 0.975,
      "support": 39.0
    },
    "Industrial": {
      "precision": 1.0,
      "recall": 1.0,
      "f1-score": 1.0,
      "support": 47.0
    },
    "Inside city": {
      "precision": 0.9565217391304348,
      "recall": 0.9565217391304348,
      "f1-score": 0.9565217391304348,
      "support": 46.0
    },
    "Kitchen": {
      "precision": 1.0,
      "recall": 1.0,
      "f1-score": 1.0,
      "support": 31.0
    },
    "Living room": {
      "precision": 1.0,
      "recall": 1.0,
      "f1-score": 1.0,
      "support": 44.0
    },
    "Mountain": {
      "precision": 0.9814814814814815,
      "recall": 0.9464285714285714,
      "f1-score": 0.9636363636363636,
      "support": 56.0
    },
    "Office": {
      "precision": 1.0,
      "recall": 1.0,
      "f1-score": 1.0,
      "support": 32.0
    },
    "Open country": {
      "precision": 0.95,
      "recall": 0.9193548387096774,
      "f1-score": 0.9344262295081968,
      "support": 62.0
    },
    "Store": {
      "precision": 1.0,
      "recall": 1.0,
      "f1-score": 1.0,
      "support": 48.0
    },
    "Street": {
      "precision": 0.9565217391304348,
      "recall": 1.0,
      "f1-score": 0.9777777777777777,
      "support": 44.0
    },
    "Suburb": {
      "precision": 1.0,
      "recall": 1.0,
      "f1-score": 1.0,
      "support": 36.0
    },
    "Tall building": {
      "precision": 1.0,
      "recall": 0.9629629629629629,
      "f1-score": 0.9811320754716981,
      "support": 54.0
    },
    "accuracy": 0.9807121661721068,
    "macro avg": {
      "precision": 0.9825340178096297,
      "recall": 0.9844499729142087,
      "f1-score": 0.9833317111337302,
      "support": 674.0
    },
    "weighted avg": {
      "precision": 0.9808989789805057,
      "recall": 0.9807121661721068,
      "f1-score": 0.9806326660101461,
      "support": 674.0
    }
  }
}