{
  "experiment": "exp_FINAL_swin_large_384_9010",
  "model": "swin_large_384",
  "transfer_strategy": "fine_tuning",
  "split": "90/10 (no test holdout \u2014 see F6 for 70/15/15 benchmark)",
  "best_val_accuracy": 0.9866369710467706,
  "final_val_accuracy_tta": 0.9866369710467706,
  "train_accuracy_eval": 0.990832507433102,
  "macro_f1": 0.9878033412751298,
  "weighted_f1": 0.9864404038474684,
  "test_accuracy": 0.9866369710467706,
  "epochs_run": 8,
  "image_size": 384
}