{
  "experiment": "exp_D1c_soft_voting_c2c1",
  "members": [
    "exp_C2_convnext_tiny_regularized",
    "exp_C1_convnext_tiny_intensive"
  ],
  "test_accuracy": 0.9703264094955489,
  "macro_f1": 0.973528089891266,
  "weighted_f1": 0.9702953924334409
}