{
  "experiment": "exp_A2_mobilenetv3_small",
  "model": "mobilenetv3_small_100",
  "transfer_strategy": "feature_extraction",
  "best_val_accuracy": 0.31845238095238093,
  "test_accuracy": 0.2922848664688427,
  "macro_f1": 0.2758476529833732,
  "weighted_f1": 0.2882752539934946,
  "epochs_run": 2,
  "train_seconds": 35.4,
  "image_size": 160,
  "train_samples_used": 1600
}